Name,Category,Type,Image,Recipe,Ingredients,Critical,Prep
Vermicelli (Semiya Upma),Breakfast,Light,https://upload.wikimedia.org/wikipedia/commons/thumb/6/63/Vermicelli_Upma_in_North_India.jpg/500px-Vermicelli_Upma_in_North_India.jpg,https://www.youtube.com/results?search_query=Vermicelli%20recipe,,,
Sabudana Khichdi,Breakfast,Light,https://upload.wikimedia.org/wikipedia/commons/thumb/3/33/Alu_Sabudana_Khichdi.jpg/500px-Alu_Sabudana_Khichdi.jpg,https://www.youtube.com/results?search_query=Sabudana%20Khichdi%20recipe,,,
Upma,Breakfast,Light,https://upload.wikimedia.org/wikipedia/commons/thumb/0/09/Upma_South_India.JPG/500px-Upma_South_India.JPG,https://www.youtube.com/results?search_query=Upma%20recipe,,,
Uttapam,Breakfast,Light,https://upload.wikimedia.org/wikipedia/commons/thumb/b/b9/Onion_Uttappam_01.jpg/500px-Onion_Uttappam_01.jpg,https://www.youtube.com/results?search_query=Uttapam%20recipe,,Rice, Urad Dal,Soak & Ferment batter (12+ hrs)
Poha,Breakfast,Light,https://upload.wikimedia.org/wikipedia/commons/thumb/1/19/Poha_4.jpg/500px-Poha_4.jpg,https://www.youtube.com/results?search_query=Poha%20recipe,,,
Vegetable Quinoa,Breakfast,Light,https://upload.wikimedia.org/wikipedia/commons/thumb/0/08/Vegan_quinoa_with_vegetables_-_Quinoa_con_pisto_%286891318087%29.jpg/500px-Vegan_quinoa_with_vegetables_-_Quinoa_con_pisto_%286891318087%29.jpg,https://www.youtube.com/results?search_query=Vegetable%20Quinoa%20recipe,,,
Fried Idly,Breakfast,Light,https://upload.wikimedia.org/wikipedia/commons/thumb/3/35/Fried_idlies_of_Tamilnadu.jpg/500px-Fried_idlies_of_Tamilnadu.jpg,https://www.youtube.com/results?search_query=Fried%20Idly%20recipe,,Rice, Urad Dal,Soak & Ferment batter (12+ hrs)
Veg cheese sandwiches (Grilled and Non-Grilled),Breakfast,Light,https://upload.wikimedia.org/wikipedia/commons/thumb/1/15/Veg_Cheese_Sandwich.jpg/500px-Veg_Cheese_Sandwich.jpg,https://www.youtube.com/results?search_query=Veg%20cheese%20sandwiches%20recipe,,,
Sooji Toast,Breakfast,Light,https://via.placeholder.com/400?text=Sooji%20Toast,https://www.youtube.com/results?search_query=Sooji%20Toast%20recipe,,,
Chilla,Breakfast,Light,https://via.placeholder.com/400?text=Chilla,https://www.youtube.com/results?search_query=Chilla%20recipe,,Besan/Moong Dal,Soak Dal for 2-4 hrs (if Moong)
"Kala Desi Chana Boiled, Onion, Tomato cut",Breakfast,Light,https://via.placeholder.com/400?text=Kala%20Desi%20Chana%20Boiled,https://www.youtube.com/results?search_query=Kala%20Desi%20Chana%20Boiled%20recipe,,Chickpeas,Soak Chole overnight (8-10 hrs)
"Aloo Paratha, curd",Breakfast,Heavy,https://upload.wikimedia.org/wikipedia/commons/thumb/8/85/Aloo_Paratha_%2896238%29.jpg/500px-Aloo_Paratha_%2896238%29.jpg,https://www.youtube.com/results?search_query=Aloo%20Paratha%20recipe,,,
"Paneer Paratha, curd",Breakfast,Heavy,https://upload.wikimedia.org/wikipedia/commons/thumb/b/b2/Paratha_from_Narathiwas%2C_Thailand.jpg/500px-Paratha_from_Narathiwas%2C_Thailand.jpg,https://www.youtube.com/results?search_query=Paneer%20Paratha%20recipe,,Paneer,
"Methi Paratha, chutney",Breakfast,Heavy,https://upload.wikimedia.org/wikipedia/commons/thumb/2/24/Methi_%28fenugreek%29_parathas.jpg/500px-Methi_%28fenugreek%29_parathas.jpg,https://www.youtube.com/results?search_query=Methi%20Paratha%20recipe,,Methi,
Pav Bhaji,Breakfast,Heavy,https://upload.wikimedia.org/wikipedia/commons/thumb/6/63/Pav_Bhaji.jpg/500px-Pav_Bhaji.jpg,https://www.youtube.com/results?search_query=Pav%20Bhaji%20recipe,,,
Idly Sambhar,Breakfast,Heavy,https://upload.wikimedia.org/wikipedia/commons/thumb/5/59/INSTANT_RAWA_IDLY_WITH_SAMBHAR.jpg/500px-INSTANT_RAWA_IDLY_WITH_SAMBHAR.jpg,https://www.youtube.com/results?search_query=Idly%20Sambhar%20recipe,,Rice, Urad Dal,Soak & Ferment batter (12+ hrs)
"Chole, Poori",Breakfast,Heavy,https://upload.wikimedia.org/wikipedia/commons/thumb/e/e1/Chole_Bhature_4.jpg/500px-Chole_Bhature_4.jpg,https://www.youtube.com/results?search_query=Chole%20recipe,,Chickpeas,Soak Chole overnight (8-10 hrs)
"Aloo Bhaji, Poori",Breakfast,Heavy,https://upload.wikimedia.org/wikipedia/commons/thumb/b/b2/Aloo_Puri.jpg/500px-Aloo_Puri.jpg,https://www.youtube.com/results?search_query=Aloo%20Bhaji%20recipe,,,
Bread Roll,Breakfast,Heavy,https://upload.wikimedia.org/wikipedia/commons/thumb/a/ae/Replica_bread_roll%2C_Walker_Art_Gallery.jpg/500px-Replica_bread_roll%2C_Walker_Art_Gallery.jpg,https://www.youtube.com/results?search_query=Bread%20Roll%20recipe,,,
"Chole, Bhature",Breakfast,Heavy,https://upload.wikimedia.org/wikipedia/commons/thumb/e/e1/Chole_Bhature_4.jpg/500px-Chole_Bhature_4.jpg,https://www.youtube.com/results?search_query=Chole%20recipe,,Chickpeas,Soak Chole overnight (8-10 hrs)
Dal Dhokli,Breakfast,Heavy,https://upload.wikimedia.org/wikipedia/commons/thumb/a/a8/Dal_Dhokali.jpg/500px-Dal_Dhokali.jpg,https://www.youtube.com/results?search_query=Dal%20Dhokli%20recipe,,,
Paneer Paratha,Breakfast,Heavy,https://upload.wikimedia.org/wikipedia/commons/thumb/b/b2/Paratha_from_Narathiwas%2C_Thailand.jpg/500px-Paratha_from_Narathiwas%2C_Thailand.jpg,https://www.youtube.com/results?search_query=Paneer%20Paratha%20recipe,,Paneer,
Pyaz Paratha,Breakfast,Heavy,https://upload.wikimedia.org/wikipedia/commons/thumb/6/64/Tandoori_Aloo_Pyaz_Parantha.jpg/500px-Tandoori_Aloo_Pyaz_Parantha.jpg,https://www.youtube.com/results?search_query=Pyaz%20Paratha%20recipe,,Paneer,
Aloo Paratha,Breakfast,Heavy,https://upload.wikimedia.org/wikipedia/commons/thumb/8/85/Aloo_Paratha_%2896238%29.jpg/500px-Aloo_Paratha_%2896238%29.jpg,https://www.youtube.com/results?search_query=Aloo%20Paratha%20recipe,,Paneer,
Gobhi Paratha,Breakfast,Heavy,https://upload.wikimedia.org/wikipedia/commons/thumb/a/a1/Gobhi_Parantha.JPG/500px-Gobhi_Parantha.JPG,https://www.youtube.com/results?search_query=Gobhi%20Paratha%20recipe,,Paneer,
"Masala Dosa, Chutney, Sambhar",Breakfast,Heavy,https://upload.wikimedia.org/wikipedia/commons/thumb/2/2e/Masala_Dosa_in_Banana_Leaf_with_Chutney.jpg/500px-Masala_Dosa_in_Banana_Leaf_with_Chutney.jpg,https://www.youtube.com/results?search_query=Masala%20Dosa%20recipe,,Rice, Urad Dal,Soak & Ferment batter (12+ hrs)
"Rajma, Jeera Onion Rice",Lunch,Light,https://upload.wikimedia.org/wikipedia/commons/thumb/1/12/Rajma_Chawal_by_Rama_Bhave.jpg/500px-Rajma_Chawal_by_Rama_Bhave.jpg,https://www.youtube.com/results?search_query=Rajma%20recipe,,Kidney Beans,Soak Rajma overnight (8-10 hrs)
"Jeera Aloo, Dal, Roti",Lunch,Light,https://upload.wikimedia.org/wikipedia/commons/thumb/e/ea/Jeera-aloo-foodpanda.jpg/500px-Jeera-aloo-foodpanda.jpg,https://www.youtube.com/results?search_query=Jeera%20Aloo%20recipe,,,
"Aloo Gajar Beans, Dal, Roti",Lunch,Light,https://via.placeholder.com/400?text=Aloo%20Gajar%20Beans,https://www.youtube.com/results?search_query=Aloo%20Gajar%20Beans%20recipe,,,
"Aloo Gobhi, Dal, Roti",Lunch,Light,https://upload.wikimedia.org/wikipedia/commons/thumb/0/03/Aloo-ghobhi-sabji.jpg/500px-Aloo-ghobhi-sabji.jpg,https://www.youtube.com/results?search_query=Aloo%20Gobhi%20recipe,,,
"Bhindi, Roti, Dal",Lunch,Light,https://upload.wikimedia.org/wikipedia/commons/thumb/5/54/Quiabo.jpg/500px-Quiabo.jpg,https://www.youtube.com/results?search_query=Bhindi%20recipe,,Bhindi,
"Kadhi, Rice",Lunch,Light,https://upload.wikimedia.org/wikipedia/commons/thumb/4/4d/Kadhi_Gole_Food_by_Ms_Ujwala_Kasambe_DSCN9907_%284%29.jpg/500px-Kadhi_Gole_Food_by_Ms_Ujwala_Kasambe_DSCN9907_%284%29.jpg,https://www.youtube.com/results?search_query=Kadhi%20recipe,,,
"Lauki Kofta, Roti",Lunch,Light,https://upload.wikimedia.org/wikipedia/commons/thumb/b/bf/Lauki_Kofta_Curry.JPG/500px-Lauki_Kofta_Curry.JPG,https://www.youtube.com/results?search_query=Lauki%20Kofta%20recipe,,Lauki,
"Matar mushroom, Roti",Lunch,Light,https://upload.wikimedia.org/wikipedia/commons/thumb/f/f8/Matar_mushroom.jpg/500px-Matar_mushroom.jpg,https://www.youtube.com/results?search_query=Matar%20mushroom%20recipe,,Mushrooms,
"Arbi masala, Roti, Dal",Lunch,Light,https://upload.wikimedia.org/wikipedia/commons/thumb/3/3d/Arbi_Gosht.jpg/500px-Arbi_Gosht.jpg,https://www.youtube.com/results?search_query=Arbi%20masala%20recipe,,Arbi,
"Bharwa bhindi, Roti",Lunch,Light,https://upload.wikimedia.org/wikipedia/commons/thumb/8/89/Stuffed_Okra_Recipe_From_Indian_Cuisine_By_Sonia_Goyal.jpg/500px-Stuffed_Okra_Recipe_From_Indian_Cuisine_By_Sonia_Goyal.jpg,https://www.youtube.com/results?search_query=Bharwa%20bhindi%20recipe,,Bhindi,
"Dal, Rice",Lunch,Light,https://upload.wikimedia.org/wikipedia/commons/thumb/2/21/Dal_curry_20230930.jpg/500px-Dal_curry_20230930.jpg,https://www.youtube.com/results?search_query=Dal%20recipe,,,
"Baigan bharta, roti",Lunch,Light,https://via.placeholder.com/400?text=Baigan%20bharta,https://www.youtube.com/results?search_query=Baigan%20bharta%20recipe,,,
"Aloo baigan, dal, roti",Lunch,Light,https://via.placeholder.com/400?text=Aloo%20baigan,https://www.youtube.com/results?search_query=Aloo%20baigan%20recipe,,,
"Aloo Methi, dal, roti",Lunch,Light,https://via.placeholder.com/400?text=Aloo%20Methi,https://www.youtube.com/results?search_query=Aloo%20Methi%20recipe,,,
"Aloo Parwal, dal, roti",Lunch,Light,https://via.placeholder.com/400?text=Aloo%20Parwal,https://www.youtube.com/results?search_query=Aloo%20Parwal%20recipe,,,
"Kaddu, roti, raita",Lunch,Light,https://via.placeholder.com/400?text=Kaddu,https://www.youtube.com/results?search_query=Kaddu%20recipe,,,
"Chole, Rice",Lunch,Heavy,https://upload.wikimedia.org/wikipedia/commons/thumb/e/e1/Chole_Bhature_4.jpg/500px-Chole_Bhature_4.jpg,https://www.youtube.com/results?search_query=Chole%20recipe,,Chickpeas,Soak Chole overnight (8-10 hrs)
"Dal makhani, rice",Lunch,Heavy,https://upload.wikimedia.org/wikipedia/commons/thumb/f/f8/Dal_Makhani.jpg/500px-Dal_Makhani.jpg,https://www.youtube.com/results?search_query=Dal%20makhani%20recipe,,Urad Dal, Rajma,Soak Dal/Rajma overnight
"Bharwa shimla mirch, roti",Lunch,Heavy,https://via.placeholder.com/400?text=Bharwa%20shimla%20mirch,https://www.youtube.com/results?search_query=Bharwa%20shimla%20mirch%20recipe,,Capsicum,
"Aloo shimla, Roti",Lunch,Heavy,https://upload.wikimedia.org/wikipedia/commons/thumb/a/a8/Chilly_Capsicum_Potato.JPG/500px-Chilly_Capsicum_Potato.JPG,https://www.youtube.com/results?search_query=Aloo%20shimla%20recipe,,Capsicum,
"Gatte ki sabji, Roti",Lunch,Heavy,https://upload.wikimedia.org/wikipedia/commons/thumb/2/2d/TraditionalGatteKiSabji_HomeMade_Mumbai.jpg/500px-TraditionalGatteKiSabji_HomeMade_Mumbai.jpg,https://www.youtube.com/results?search_query=Gatte%20ki%20sabji%20recipe,,,
"Malai Kofta, Roti",Lunch,Heavy,https://upload.wikimedia.org/wikipedia/commons/thumb/f/fa/Malai_Kofta.jpg/500px-Malai_Kofta.jpg,https://www.youtube.com/results?search_query=Malai%20Kofta%20recipe,,,
"Dum Aloo, Roti",Lunch,Heavy,https://upload.wikimedia.org/wikipedia/commons/thumb/e/ec/Kashmiri_Dum_Aaloo.JPG/500px-Kashmiri_Dum_Aaloo.JPG,https://www.youtube.com/results?search_query=Dum%20Aloo%20recipe,,,
Dal Baati,Lunch,Heavy,https://upload.wikimedia.org/wikipedia/commons/thumb/1/17/Dal_Baati.jpg/500px-Dal_Baati.jpg,https://www.youtube.com/results?search_query=Dal%20Baati%20recipe,,,
"Methi malai matar, Roti",Lunch,Heavy,https://upload.wikimedia.org/wikipedia/commons/thumb/5/54/Methi_Malai_Matar.jpg/500px-Methi_Malai_Matar.jpg,https://www.youtube.com/results?search_query=Methi%20malai%20matar%20recipe,,Methi,
"Egg Curry, Roti",Lunch,Heavy,https://via.placeholder.com/400?text=Egg%20Curry,https://www.youtube.com/results?search_query=Egg%20Curry%20recipe,,,
Paneer Butter Masala,Lunch,Heavy,https://upload.wikimedia.org/wikipedia/commons/thumb/1/19/Paneer_butter_masala_2.jpg/500px-Paneer_butter_masala_2.jpg,https://www.youtube.com/results?search_query=Paneer%20Butter%20Masala%20recipe,,Paneer,
Rajma Kashmiri,Lunch,Heavy,https://upload.wikimedia.org/wikipedia/commons/thumb/d/d9/Kashmiri_Pandit_vegetarian_thali_served_at_Matamaal_restaurants_with_Rajma%2C_Dum_aloo%2C_Paneer_dishes.png/500px-Kashmiri_Pandit_vegetarian_thali_served_at_Matamaal_restaurants_with_Rajma%2C_Dum_aloo%2C_Paneer_dishes.png,https://www.youtube.com/results?search_query=Rajma%20Kashmiri%20recipe,,Kidney Beans,Soak Rajma overnight (8-10 hrs)
Matar Mushroom,Lunch,Heavy,https://upload.wikimedia.org/wikipedia/commons/thumb/6/6c/Cuisine_of_India_by_ArmAg_%285%29.jpg/500px-Cuisine_of_India_by_ArmAg_%285%29.jpg,https://www.youtube.com/results?search_query=Matar%20Mushroom%20recipe,,Mushrooms,
"Kathal, roti",Lunch,Heavy,https://upload.wikimedia.org/wikipedia/commons/thumb/8/8b/%28Artocarpus_heterophyllus%29_Jack_fruits_on_Simhachalam_Hills_01.jpg/500px-%28Artocarpus_heterophyllus%29_Jack_fruits_on_Simhachalam_Hills_01.jpg,https://www.youtube.com/results?search_query=Kathal%20recipe,,,
Veg Pulao,Dinner,Light,https://upload.wikimedia.org/wikipedia/commons/thumb/f/fd/Veg_pulao_with_raitha.jpg/500px-Veg_pulao_with_raitha.jpg,https://www.youtube.com/results?search_query=Veg%20Pulao%20recipe,,,
Peas Pulao,Dinner,Light,https://upload.wikimedia.org/wikipedia/commons/thumb/0/00/Veg_pulao%2C_self-cooked%2C_Roing%2C_Arunachal_Pradesh%2C_jpg.0002.jpg/500px-Veg_pulao%2C_self-cooked%2C_Roing%2C_Arunachal_Pradesh%2C_jpg.0002.jpg,https://www.youtube.com/results?search_query=Peas%20Pulao%20recipe,,,
Masala Pulao,Dinner,Light,https://upload.wikimedia.org/wikipedia/commons/thumb/b/ba/TawaPulao.jpg/500px-TawaPulao.jpg,https://www.youtube.com/results?search_query=Masala%20Pulao%20recipe,,,
Soya Pulao,Dinner,Light,https://upload.wikimedia.org/wikipedia/commons/thumb/d/db/Soya_Curry_with_Matar_rice_and_Gulab_Jamun.jpg/500px-Soya_Curry_with_Matar_rice_and_Gulab_Jamun.jpg,https://www.youtube.com/results?search_query=Soya%20Pulao%20recipe,,,
Tawa Pulao,Dinner,Light,https://upload.wikimedia.org/wikipedia/commons/thumb/9/96/Tawa_pulao_and_boondi_raita.JPG/500px-Tawa_pulao_and_boondi_raita.JPG,https://www.youtube.com/results?search_query=Tawa%20Pulao%20recipe,,,
"Paneer bhurji, Paratha",Dinner,Light,https://upload.wikimedia.org/wikipedia/commons/thumb/3/3f/Homemade_Paneer_Bhurji.jpg/500px-Homemade_Paneer_Bhurji.jpg,https://www.youtube.com/results?search_query=Paneer%20bhurji%20recipe,,Paneer,
Veg Hakka Noodles,Dinner,Light,https://upload.wikimedia.org/wikipedia/commons/thumb/e/ec/Veg_Hakka_Noodles.jpg/500px-Veg_Hakka_Noodles.jpg,https://www.youtube.com/results?search_query=Veg%20Hakka%20Noodles%20recipe,,,
Veg fried rice,Dinner,Light,https://upload.wikimedia.org/wikipedia/commons/thumb/5/5a/Veg_fried_rice_homemade.jpg/500px-Veg_fried_rice_homemade.jpg,https://www.youtube.com/results?search_query=Veg%20fried%20rice%20recipe,,,
Veg daliya,Dinner,Light,https://via.placeholder.com/400?text=Veg%20daliya,https://www.youtube.com/results?search_query=Veg%20daliya%20recipe,,,
Veg Khichadi,Dinner,Light,https://upload.wikimedia.org/wikipedia/commons/thumb/2/25/Veg_Khichadi.jpg/500px-Veg_Khichadi.jpg,https://www.youtube.com/results?search_query=Veg%20Khichadi%20recipe,,,
"Lauki kofta, Roti",Dinner,Light,https://upload.wikimedia.org/wikipedia/commons/thumb/b/bf/Lauki_Kofta_Curry.JPG/500px-Lauki_Kofta_Curry.JPG,https://www.youtube.com/results?search_query=Lauki%20kofta%20recipe,,Lauki,
Bhel Puri,Dinner,Light,https://upload.wikimedia.org/wikipedia/commons/thumb/2/22/Bhel_puri_Snack.jpg/500px-Bhel_puri_Snack.jpg,https://www.youtube.com/results?search_query=Bhel%20Puri%20recipe,,,
Papdi Chaat,Dinner,Light,https://upload.wikimedia.org/wikipedia/commons/thumb/0/05/Papdi-chaat.jpg/500px-Papdi-chaat.jpg,https://www.youtube.com/results?search_query=Papdi%20Chaat%20recipe,,,
Lemon Rice,Dinner,Light,https://upload.wikimedia.org/wikipedia/commons/thumb/b/be/Picture_of_Lemon_rice_dish.JPG/500px-Picture_of_Lemon_rice_dish.JPG,https://www.youtube.com/results?search_query=Lemon%20Rice%20recipe,,,
Tomato Rice,Dinner,Light,https://upload.wikimedia.org/wikipedia/commons/thumb/3/34/Jollof_rice_and_tomato_stew.jpg/500px-Jollof_rice_and_tomato_stew.jpg,https://www.youtube.com/results?search_query=Tomato%20Rice%20recipe,,,
"Dal, Rice",Dinner,Light,https://upload.wikimedia.org/wikipedia/commons/thumb/2/21/Dal_curry_20230930.jpg/500px-Dal_curry_20230930.jpg,https://www.youtube.com/results?search_query=Dal%20recipe,,,
Dhokla,Dinner,Light,https://upload.wikimedia.org/wikipedia/commons/thumb/e/ec/Dhokla_3.jpg/500px-Dhokla_3.jpg,https://www.youtube.com/results?search_query=Dhokla%20recipe,,,
Pasta,Dinner,Light,https://upload.wikimedia.org/wikipedia/commons/thumb/4/48/A_plate_of_red_sauce_pasta.jpg/500px-A_plate_of_red_sauce_pasta.jpg,https://www.youtube.com/results?search_query=Pasta%20recipe,,,
Tomato Soup,Dinner,Light,https://upload.wikimedia.org/wikipedia/commons/thumb/b/b5/Tomato_soup%2C_Turkish_style.jpg/500px-Tomato_soup%2C_Turkish_style.jpg,https://www.youtube.com/results?search_query=Tomato%20Soup%20recipe,,,
Soya Chaap,Dinner,Light,https://upload.wikimedia.org/wikipedia/commons/thumb/9/9c/Soya_Chaap_dish.jpg/500px-Soya_Chaap_dish.jpg,https://www.youtube.com/results?search_query=Soya%20Chaap%20recipe,,,
"Palak Corn, roti",Dinner,Light,https://via.placeholder.com/400?text=Palak%20Corn,https://www.youtube.com/results?search_query=Palak%20Corn%20recipe,,,
"Lauki gravy, roti",Dinner,Light,https://via.placeholder.com/400?text=Lauki%20gravy,https://www.youtube.com/results?search_query=Lauki%20gravy%20recipe,,,
"Torai gravy, roti",Dinner,Light,https://via.placeholder.com/400?text=Torai%20gravy,https://www.youtube.com/results?search_query=Torai%20gravy%20recipe,,,
Aloo Paratha,Dinner,Heavy,https://upload.wikimedia.org/wikipedia/commons/thumb/8/85/Aloo_Paratha_%2896238%29.jpg/500px-Aloo_Paratha_%2896238%29.jpg,https://www.youtube.com/results?search_query=Aloo%20Paratha%20recipe,,Paneer,
Pyaz Paratha,Dinner,Heavy,https://upload.wikimedia.org/wikipedia/commons/thumb/6/64/Tandoori_Aloo_Pyaz_Parantha.jpg/500px-Tandoori_Aloo_Pyaz_Parantha.jpg,https://www.youtube.com/results?search_query=Pyaz%20Paratha%20recipe,,Paneer,
Paneer Paratha,Dinner,Heavy,https://upload.wikimedia.org/wikipedia/commons/thumb/b/b2/Paratha_from_Narathiwas%2C_Thailand.jpg/500px-Paratha_from_Narathiwas%2C_Thailand.jpg,https://www.youtube.com/results?search_query=Paneer%20Paratha%20recipe,,Paneer,
Paneer Butter Masala,Dinner,Heavy,https://upload.wikimedia.org/wikipedia/commons/thumb/1/19/Paneer_butter_masala_2.jpg/500px-Paneer_butter_masala_2.jpg,https://www.youtube.com/results?search_query=Paneer%20Butter%20Masala%20recipe,,Paneer,
Shahi Paneer,Dinner,Heavy,https://upload.wikimedia.org/wikipedia/commons/thumb/c/c7/Shahi_Paneer_garnished_with_fresh_mint.jpg/500px-Shahi_Paneer_garnished_with_fresh_mint.jpg,https://www.youtube.com/results?search_query=Shahi%20Paneer%20recipe,,Paneer,
Kadhai Paneer,Dinner,Heavy,https://upload.wikimedia.org/wikipedia/commons/thumb/d/d9/Kadhai_paneer_%28paneer_shimlamirch%29.jpg/500px-Kadhai_paneer_%28paneer_shimlamirch%29.jpg,https://www.youtube.com/results?search_query=Kadhai%20Paneer%20recipe,,Paneer,
Paneer Do Pyaza,Dinner,Heavy,https://upload.wikimedia.org/wikipedia/commons/thumb/7/7d/Paneer_Do-Pyaza.jpg/500px-Paneer_Do-Pyaza.jpg,https://www.youtube.com/results?search_query=Paneer%20Do%20Pyaza%20recipe,,Paneer,
"Veg kofta, Roti",Dinner,Heavy,https://via.placeholder.com/400?text=Veg%20kofta,https://www.youtube.com/results?search_query=Veg%20kofta%20recipe,,,
Chilli Paneer,Dinner,Heavy,https://upload.wikimedia.org/wikipedia/commons/thumb/0/06/Paneer_Chilli_Semi_Gravy.jpg/500px-Paneer_Chilli_Semi_Gravy.jpg,https://www.youtube.com/results?search_query=Chilli%20Paneer%20recipe,,Paneer,
Veg Manchurian,Dinner,Heavy,https://upload.wikimedia.org/wikipedia/commons/thumb/5/5c/Homemade_Veg_Manchurian_and_fried_rice.jpg/500px-Homemade_Veg_Manchurian_and_fried_rice.jpg,https://www.youtube.com/results?search_query=Veg%20Manchurian%20recipe,,,
"Idly, Chutney, Sambhar",Dinner,Heavy,https://upload.wikimedia.org/wikipedia/commons/thumb/1/11/Idli_Sambar.JPG/500px-Idli_Sambar.JPG,https://www.youtube.com/results?search_query=Idly%20recipe,,Rice, Urad Dal,Soak & Ferment batter (12+ hrs)
"Navratan Korma, Roti",Dinner,Heavy,https://upload.wikimedia.org/wikipedia/commons/thumb/5/50/Veg_Jafrani_Navratna_Korma.jpg/500px-Veg_Jafrani_Navratna_Korma.jpg,https://www.youtube.com/results?search_query=Navratan%20Korma%20recipe,,,
Watermelon,Fruit,,https://upload.wikimedia.org/wikipedia/commons/thumb/d/d9/%D8%A7%D9%84%D8%A8%D8%B7%D9%8A%D8%AE_%D8%A7%D9%84%D8%A3%D8%AD%D9%85%D8%B1.JPG/500px-%D8%A7%D9%84%D8%A8%D8%B7%D9%8A%D8%AE_%D8%A7%D9%84%D8%A3%D8%AD%D9%85%D8%B1.JPG,https://www.youtube.com/results?search_query=Watermelon%20recipe,,,
Pear,Fruit,,https://upload.wikimedia.org/wikipedia/commons/thumb/9/99/Four_pears.jpg/500px-Four_pears.jpg,https://www.youtube.com/results?search_query=Pear%20recipe,,,
Melon,Fruit,,https://upload.wikimedia.org/wikipedia/commons/thumb/e/ed/Cucumis_melo_on_white_background.jpg/500px-Cucumis_melo_on_white_background.jpg,https://www.youtube.com/results?search_query=Melon%20recipe,,,
Plum,Fruit,,https://upload.wikimedia.org/wikipedia/commons/thumb/5/5c/Plum_in_a_black_background_02.jpg/500px-Plum_in_a_black_background_02.jpg,https://www.youtube.com/results?search_query=Plum%20recipe,,,
Pomegranate,Fruit,,https://upload.wikimedia.org/wikipedia/commons/thumb/f/fa/Pomegranate_fruit_-_whole_and_piece_with_arils.jpg/500px-Pomegranate_fruit_-_whole_and_piece_with_arils.jpg,https://www.youtube.com/results?search_query=Pomegranate%20recipe,,,
Jamun,Fruit,,https://upload.wikimedia.org/wikipedia/commons/thumb/0/0f/Syzygium_cumini_07.JPG/500px-Syzygium_cumini_07.JPG,https://www.youtube.com/results?search_query=Jamun%20recipe,,,
Apples,Fruit,,https://upload.wikimedia.org/wikipedia/commons/thumb/1/15/Red_Apple.jpg/500px-Red_Apple.jpg,https://www.youtube.com/results?search_query=Apples%20recipe,,,
Grapes,Fruit,,https://upload.wikimedia.org/wikipedia/commons/thumb/8/8a/Green_Grape_3.jpg/500px-Green_Grape_3.jpg,https://www.youtube.com/results?search_query=Grapes%20recipe,,,
Banana,Fruit,,https://upload.wikimedia.org/wikipedia/commons/thumb/9/98/Bananas_on_black_background_02.jpg/500px-Bananas_on_black_background_02.jpg,https://www.youtube.com/results?search_query=Banana%20recipe,,,
Litchi,Fruit,,https://upload.wikimedia.org/wikipedia/commons/thumb/5/5f/Litchi_chinensis190714mx.jpg/500px-Litchi_chinensis190714mx.jpg,https://www.youtube.com/results?search_query=Litchi%20recipe,,,
Mangoes,Fruit,,https://upload.wikimedia.org/wikipedia/commons/thumb/7/74/Mangos_-_single_and_halved.jpg/500px-Mangos_-_single_and_halved.jpg,https://www.youtube.com/results?search_query=Mangoes%20recipe,,,